Designator,Val,Package,Mid X,Mid Y,Rotation,Side
J1,RJ45 (6339160-1),TE_6339160-1,196.000000,-140.477500,180.000000,top
J2,RJ45 (6339160-1),TE_6339160-1,301.000000,-140.477500,180.000000,top
J3,RJ45 (6339160-1),TE_6339160-1,406.000000,-140.477500,180.000000,top
J4,RJ45 (6339160-1),TE_6339160-1,91.000000,-140.477500,180.000000,top
R1,120,R_0805_2012Metric,418.000000,-138.800000,-90.000000,top
